,name,demographic
0,author,US_35-44_female
1,@kakskakumbi6856,
2,@bigzzgub8244,
3,@KeremKemow,
4,@rogerparker9228,
5,@chidikesamuelson9432,
6,@tyrannusrex8906,
7,@its_YZee,PH_25-34_female
8,@SparkiiSpark,
9,@Papa_junior-1987,GH_35-44_male
10,@KestonNGUBO,
11,@DolFunVtuber,
12,@johnpickford5523,
13,@Afrowhite_gooner,ID__
14,@berlin_7301,DE_45-54_female
15,@grgpuzan5205,
16,@Afrowhite_gooner,ID__
17,@christophehuet5944,
18,@danielnowak2958,
19,@santemedical6802,
20,@jonnyhawkins7744,
21,@spookybizzle,
22,@uchempu352,
23,@Ebi.Adonkie,NG_35-44_male
24,@just.everythings11,UA_25-34_female
25,@just.everythings11,UA_25-34_female
26,@Erdovanne,
27,@psalmkaris741,
28,@just.everythings11,UA_25-34_female
29,@awtachewraya2890,
30,@sinovicks3768,
31,@nicolasosheridan7183,
32,@brianwahinya1245,
33,@KiyetoJakhalu-h7l,
34,@peter-andreaskamphausen1580,
35,@KiyetoJakhalu-h7l,
36,@vagaru,
37,@ImanuelNakwakiru,
38,@ray-c7n4e,
39,@Allison-s6p,US_25-34_female
40,@jackywong5091,
41,@jetlifari,
42,@imisskahi,
43,@kovaci0000007,AL__
44,@DavidBroadley-tw7ks,
45,@grandefrppc,
46,@bd9531,BD_25-34_male
47,@gayamotor1825,
48,@lignbanal,
49,@paulie4450,US_35-44_female
50,@Amir00076,IR_25-34_male
51,@asset1014,KZ_35-44_male
52,@Ulfairah03,
53,@Arrowhead707,PK_55-64_male
54,@Carlytongid,
55,@aricodestiny9979,
56,@prajwalbhattarai5276,
57,@chrislamb25,
58,@EmaLee418,US_25-34_female
59,@subhasgram,
60,@peterstylianou3827,
61,@tioeurico,
62,@Firdosax3h,
63,@mwevin,
64,@Belacak,BN__
65,@dandarigarcez,
66,@muhammadhanif4113,PK__
67,@aneeshvarghese9200,
68,@45-guanghimpougonmei44,
69,@angeleechae,
70,@44andye,MX_35-44_
71,@dunwaweru6367,
72,@StephenStephens-jy9jj,
73,@yourdisservice,
74,@nextdaysparty,
75,@amirulshazarin3698,
76,@brentondinham765,
77,@yesbabyyes2122,
78,@NamrongBon,
79,@NayZhong,
80,@NitinDurbarry,
81,@knotknot7776,TH__
82,@medroastt9888,
83,@TheChibii,
84,@nagendrakathula,
85,@SulymanRidwanBolakale,
86,@RealPearlMania,
87,@vb_boyzz,IN_25-34_
88,@williams6334,US_45-54_male
89,@anaconda7184,KZ_45-54_male
90,@samuelihejirika4203,
91,@cawaaleyusuf3645,
92,@Dr.RamesworMaharjan,
93,@big615fx,US__
94,@maycruz6704,PH__
95,@Bigm_hunna,TH_25-34_male
96,@michaelamponsahkonadu4617,
97,@SwelihleMangwe,
98,@CapcinePatrick-rc9nr,
99,@เปาศุภโชค-ฌ8ช,
100,@3llakk,
101,@ebenezerpatrick1999,
102,@imranibrahim5386,
103,@chenwhyeming8296,
104,@JeanMichelValmont,
105,@kamalsyed3729,
106,@itsyunggrave,
107,@MrByrdbath,
108,@jay2xdam,
109,@rahmath.5629,IN_35-44_male
110,@neoxenon2976,
111,@srykextraodinairecreation9962,
112,@Kessoku,JP__
113,@irwancbr7377,
114,@QwertyyuiopZxvbnnm,
115,@adel8798,EG_25-34_male
116,@jozebom,
117,@felixeigbefo5384,
118,@BashirMbongo,
119,@eniyeikporo,
120,@AntiChannel1,
121,@MloDen-x9l,
122,@bajaba4843,SA__
123,@LahNgapa-t7s,
124,@tayoakingold104,
125,@jasondave1976,
126,@adekurniawan3709,ID_35-44_
127,@likethenina,
128,@stewartgrant7724,
129,@gabrielgarcia6336,
130,@fastrack1418,PH__
131,@MuhammadFarhan-kd6ln,
132,@kennethuyabeme,
133,@nudgenudge4603,
134,@Minhdanhvlog11,
135,@gibbatron69,
136,@ghsense2626,
137,@100Provar,UA__
138,@Ricky_J44,ID_25-34_male
139,@kofirandy,
140,@RichardMorrison-k3x,
141,@sharde8581,US_35-44_female
142,@michaelthevisionary,
143,@richardgodwin6398,
144,@lidya39,ID_25-34_female
145,@awofodutemitayo3340,
146,@ExPoser-m2b,
147,@AdyRizky-h6m,
148,@VukaniMde,
149,@Pujaanggara_,
150,@gabrielnajah9329,
151,@basketburger,
152,@haungo6567,
153,@HenryJSlim,
154,@Gizzystigernutjuice,
155,@weplay2350,MU_25-34_female
156,@DeBuDDi,
157,@whyahh,
158,@กิตติศักดิ์ศักดิ์ศรีกลม,TH_25-34_female
159,@kingkenzokwansa,
160,@JanelJeanjulien,
161,@philkonbenco3197,
162,@philkonbenco3197,
163,@jhonjabercamayohenao6228,
164,@richardpetty6088,
165,@ruthlevy3946,
166,@Uda007,ID_35-44_male
167,@prosperousafrica,
168,@ManuelJerezKlopfer,
169,@fgrdfr3627,
170,@lassam333,AR__
171,@difahilaga2889,
172,@suldanaction3292,
173,@YahayaAhmed-h1x,
174,@lieutenantcolombo1758,
175,@Apinn-v1u,
176,@scottbrown3884,
177,@tunrayoalabi5008,
178,@Jaxes-g9l,
179,@reubenraphael3586,
180,@Henry_Kojo,GH_25-34_male
181,@bertosantiago6770,
182,@emekaboscojr,
183,@boluwatifeemmanuel4737,
184,@andystreet1479,
185,@jacquesstephen777,
186,@adityabayuwardani5467,
187,@javiermarquez9098,
188,@naijafutboltv8704,
189,@duncanlewis5706,
190,@anngg937,
191,@jumpysalmon,
192,@mohsinali-10,PK_55-64_male
193,@DoniDamara-l5t,
194,@moptertianship4609,
195,@moptertianship4609,
196,@WeekendMuse,
197,@x_kelly_potter_x,US_35-44_female
198,@moptertianship4609,
199,@suzannesmith9955,
200,@dagogopepple8260,
201,@Pwnziillaaaa,
202,@DavidLangenfeld-p6t,
203,@kennyken6887,GB_35-44_male
204,@morganelegoff7532,
205,@djeudj78,
206,@chizzyiwunamara5986,
207,@linarenteria4838,
208,@ALIMOHD-bk9lr,
209,@harmainykarim1785,
210,@mukizaevra402,
211,@Allison-s6p,US_25-34_female
212,@AyodelePhilip-m4y,
213,@afifaziz2051,
214,@thomassinbruno2612,
215,@RyanRatna-k7e,
216,@michellang1316,
217,@NikensonFrancois-r4c,
218,@PaulMihill,
219,@ramikla_146,
220,@seifutilahun1204,
221,@sebastienthomas4965,
222,@Wladislav,RU_25-34_male
223,@NoneofURBiz297,MY__
224,@Dr.RamesworMaharjan,
225,@rycyemcmore6485,
226,@IsraelRoger-p7m,
227,@Hyascent09,
228,@trisdulbasyir,
229,@theo.pratama,ID_25-34_male
230,@bigollameo,
231,@thiernobocandediedhiou716,
232,@ingridpereira2551,
233,@ugbametatosantimothy-ox3yq,
234,@KetelineCharlotin,
235,@neoxenon2976,
236,@user-qn5gc5sc9o,
237,@hajjatakiror8948,
238,@clarancechellsie1317,
239,@juancarlosmartinezuribe6003,
240,@faisalmohamed7125,
241,@adspence23,
242,@NakedGeep,
243,@gatsbylemagnifique7484,
244,@abiodunoni420,
245,@TheSoleDweller,
246,@Anydesignco,
247,@jacquesstephen777,
248,@RRP6632,
249,@pixelpete3027,
250,@mariusbajoc4803,
251,@filmonberhane4255,
252,@duncanlewis5706,
253,@Observer5258,UA_55-64_male
254,@Halescaster,
255,@tooptapexoplants8620,
256,@kaanrivis,
257,@ibericohispanoyespanol3959,
258,@SanchezRamirezLucas,
259,@BobosneijderKeith,
260,@ElijahMan2633,
261,@bagendaangella4884,
262,@juliansykes6668,
263,@elliottvictor8356,
264,@Ronaldoluiznazario,
265,@basile-deyersin,
266,@fwananedur55,
267,@Dalou88888,DZ_45-54_female
268,@Ronaldoluiznazario,
269,@iamnonso_,
270,@KarltonFranz,
271,@gordonc2377,CA__
272,@bepsolo,
273,@Kiwalabyeyasin-o1q,
274,@penielvictor,
275,@nnenne1,NG_35-44_female
276,@TKG1910,
277,@DeeyaaGreatness,
278,@marlonmadden8270,
279,@marlonmadden8270,
280,@hvihyfgih,
281,@Yesu-ni-Kristo,
282,@DenisREY-i4v,
283,@delattremartial,
284,@clementbiola3236,
285,@ChristopherBouchain,
286,@metube9541,SE_25-34_female
287,@CABS728,PH_35-44_male
288,@Nelson69008,US_45-54_male
289,@travesseniorchannel,
290,@steafanharry1111,
291,@s.r.catalani5341,IT_25-34_
292,@atulkarki6690,
293,@oladapodamola5117,
294,@AbimbolaBabe,
295,@JuanGomez-dk6kf,
296,@sandovaldo,
297,@spygeaethiopia9882,
298,@QFEedqdq,
299,@FzExlglg,
300,@ToniSerban-bt7mk,
301,@macoaurelionogueira6665,
302,@zemnirached,
303,@CranleyMaddox,
304,@ireyimikaawala422,
305,@kshuuri,
306,@steveroberts9453,
307,@Karkias,
308,@Lila-r6w,
309,@isnardferreira7498,
310,@Merdaccielord,
311,@vintripu6000patupamu,
312,@johnhunt5181,
313,@sillybolox935,
314,@azamatbekishev7692,
315,@akm_ashraf,BD_35-44_male
316,@theogacc,
317,@dogetoshinakamoto7057,
318,@bitx-x8g,
319,@jcv8718,DJ_35-44_male
320,@begohernandez696,
321,@samuelaurelio3127,
322,@ThatBoyInBlueAndWhite,
323,@Pappabajskorv,
324,@Dpublisher,
325,@아티스트멍순이,
326,@RustyAKD,
327,@Nengooo0,
328,@andreyk8081,RU_45-54_male
329,@Trailerpark_Supervisor89,US__
330,@baldeagle4308,ZA__
331,@amurleopard51,
332,@mehmetates4612,
333,@turnitaround7344,
334,@SabberJupp,
335,@Azmodan514,NZ__
336,@Samzyyt10,
337,@StuartFerguson55,
338,@ScouseMafia,
339,@IshmaelAli-v8t,
340,@viva4456-e1u,
341,@pierog.6278,PL_25-34_female
342,@AntonioAguilar-z6k,
343,@หลวงพ่อหมัดวัดตาเขียว-ฮ7ว,TH__
344,@elkhntr4evr421,
345,@jasonstevens8517,
346,@teddybear5429,SZ_35-44_male
347,@andrewforrester6258,
348,@MairyHinge,
349,@jensbraun7748,
350,@arveyilleszender5809,
351,@PatrickOwens-f6o,
352,@PatrickOwens-f6o,
353,@PatrickOwens-f6o,
354,@PatrickOwens-f6o,
355,@ΕλένηΑνθή-ο1τ,
356,@EitiMC,
357,@matteodamico4995,
358,@Alberto-bu7gt,
359,@DS-cs8bj,
360,@xavier_mfalme,KE_35-44_male
361,@albatross-b7b,
362,@Yasly_10,DO__
363,@GoofySmuf,
364,@chrisj8728,DE_25-34_
365,@toniki.3560,
366,@ArshiaEver,
367,@macdeluxe733,
368,@stsportsfails,
369,@bjvu9460,
370,@Steve-Handsomelady,
371,@pabloguti1881,
372,@church1203,US_35-44_male
373,,
374,@dw4738,CN_25-34_female
375,@พิชิตชัย-ซ7ค,TH_25-34_female
376,@daddystu7046,
377,@james6818,US_45-54_male
378,@jjh3455,
379,@ThomasOlsen-h8d,
380,@edyu1977,MY__
381,@adnankocer7072,
382,@pierreanders1381,
383,@JamshidGaniyev-w6i,
384,@grahamjohnson7934,
385,@hajarelogari2690,
386,@iiRodeoclownii,
387,@natsu20001,JP_25-34_female
388,@iceetmarne3571,
389,@Mr_BananaV2,
390,@ПЛЯСКИ,
391,@максим_прядченко,RU_25-34_male
392,@keepspeed,
393,@sureshot8399,BD__male
394,@andrisduums5175,
395,@dululgun,
396,@retfghythj,
397,@homeandalone,
398,@tantona9315,AE__
399,@thatmanwithcap,
400,@themooreclan1220,
401,@未来うどん,
402,@Edgar77581,MX_25-34_male
403,@rafaeltelez6178,
404,@SergeyBaybr,
405,@alirjeff3096,
406,@davidglickstein5169,
407,@laithnasser2323,
408,@brunoleoni4646,
409,@rocodido,
410,@laberbla6466,
411,@SK-do2kn,
412,@tyfyh622,
413,@pellepop100,
414,@igoplepsov7902,
415,@Yahweh42069,NG_45-54_male
416,@SoSo-li6dn,
417,@JekyllandHyde_,
418,@jimhunt4425,
419,@Whitosspotis,
420,@zuzkuk79,
421,@juliencharnay7479,
422,@piterpiter22,PL__
423,@BubiLohkamp,
424,@bartz4439,US_55-64_male
425,@adoyer04,
426,@r-pw1ez,
427,@MadFake9939,
428,@hazza6783,AE_25-34_male
429,@podkolodnyj,
430,@PTKJWC,
431,@arturaseizgirdas9113,
432,@roi461,IL_25-34_male
433,@Kausarniyazee,
434,@Ivzuki,
435,@Mads270791,DK_35-44_male
436,@stvideosengracados,
437,@vishy,IN_35-44_male
438,@samersamer-pz2gy,
439,@grimmjowespada2422,
440,@tahatamda,
441,@家宅,
442,@ahmetyanar1631,
443,@ahmetyanar1631,
444,@hamzaahmad330,
445,@ノマー,
446,@なべちゃん-r7v,
447,@mp3rfet96,
448,@아응애에요-l9q,
449,@とまと-l2e-b9n,
450,@John-eg3gy,
451,@selahattinakkaya300,
452,@maxfeel43,
453,@kvb7104,BW__
454,@zegamerz1980,
455,@bernardocisneros4402,
456,@このごろぽのろ2号,
457,@LearnCompositionOnline,
458,@LearnCompositionOnline,
459,@marianpazdzioch3099,
460,@pandagirlilikepandas4475,
461,@rezanz3779,
462,@al-bv4po,
463,@stavrospapadopoulos-fb8vp,
464,@Emin009l1t,
465,@Mertben-d5t,
466,@victorpastor3726,
467,@SultanAlhunayshil,
468,@MehmetEmin-f3h,
469,@ScienceSavvy502,
470,@Ben.SK2346,TN_25-34_male
471,@gonzalezfd,
472,@sirloin8745,ES_25-34_
473,@BorisIdlomir,
474,@sathwiktalents,
475,@steffen5121,DE_45-54_male
476,@steffen5121,DE_45-54_male
477,@sshah2545,MV__male
478,@trickyj7019,
479,@Gekk27,VA_25-34_male
480,@AA-rc4zr,
481,@asdfghjklmnbvcxyqwertzuiop,
482,@chrismason7272,
483,@Imperator81,BJ_25-34_male
484,@aftermathsample305,
485,@sergeb4540,
486,@Bohnensupport,
487,@onchnc3546,
488,@jeanducheamps7697,
489,@OleksiiMakhovskyi,
490,@EmotionGamingRO,
491,@BossManTee,
492,@schnitzelesser.,
493,@miqueinhaamoroso4906,
494,@MageAtYou,
495,@ПашаРязанов-ю4ъ,
496,@quemirasboboandapalla,
497,@bornintheussr7645,
498,@robprator5890,
499,@gustavjepsen8971,
500,@DonMartin-d6i,
501,@CypherSuperSonicCyber,
502,@Duckman-y9d,
503,@mattfairchild5465,
504,@amberinternational,
505,@JamesWillis-w9g,
506,@lntz01,
507,@derDepp,
508,@StellaJensen-r7o,
509,@StellaJensen-r7o,
510,@NicholasRakestraw,
511,@ArtistDanez90,
512,@supernickky_OluwaShineOn,
513,@darkbarbarian4224,
514,@theivz7942,
515,@LokisBeam,
516,@sicks6six,
517,@liamengram6326,
518,@marcellusrobinson-cv8yu,
519,@OnlyOriginalSongs,
520,@srivatsputtasrivatsaputta2914,
521,@merlijnbal221,
522,@Cr7football-j1t,
523,@cosmicexplosives,
524,@ajirizawa5743,
525,@marcingluszek7564,
526,@allfenom,
527,@hoebertrabeck1621,
528,@superman_cam_32_yt78,VN_25-34_female
529,@IAmNot-Everywhere-,
530,@dynamite_luis3937,US_35-44_male
531,@MeAndMyOpinions_OverYours,
532,@neiltitmus9744,
533,@snois2,
534,@Zypher_0770,MM_35-44_male
535,@livyyxoxo,
536,@PrimeEditzX11,
537,@mamardashvilibestgk,
538,@FFOT-d8p,
539,@aydin_2006,TR_35-44_male
540,@innerverse7769,
541,@rahulsaikiavlogs8707,
542,@Shadowslayer191,AU__
543,@dcmax2160,
544,@dcmax2160,
545,@adayinourlives01,
546,@theforgottenlegendz,
547,@sneaklesschannel5294,
548,@finch2213,GB_45-54_female
549,@your_mom-_-dezz,US_35-44_female
550,@KTO_HUBLOT,US_25-34_female
551,@Marko2266-e6u,
552,@Primitive_Code,IN_45-54_female
553,@OsbaldoAcuña-j3m,
554,@AbidEfoot2023,
555,@MuhammedsameerMujeebrahman,
556,@Aashansaram,
557,@calebmhorvath,
558,@Chainz_Fr,MZ_25-34_male
559,@CYJOHN_EDITS,AM__
560,@samuelakande4103,
561,@SuperBall-l9k,
562,@manalipriyadarshini9387,
563,@DionteWashington-y1c,
564,@jonathanguadarrama8398,
565,@DillonAshman-e6g,
566,@Vynear,
567,@silat13,KM_35-44_
568,@EvaRC16,JP__
569,@DylandAguilar-fo6bi,
570,@ZainUlAbedin-l4l,
571,@Imnotgay-x5u,
572,,
573,@SC_923,
574,@Turkeytag,
575,@nathantagg2691,
576,@personse6wx,
577,@franciscovizcarra3167,
578,@maxneilson5191,
579,@rakyatbiasa7776,
580,@Whiteitadori,
581,@peterjames232,GB__
582,@ronivizo7042,
583,@rushakgaming9732,
584,@ПрРо-ъ6б,
585,@98sniff,DE_35-44_female
586,@kevinmcinerney1959,
587,@Happy-nu2je,
588,@deadlycreeper3016,
589,@sebastianbystrom3492,
590,@GiggsProwler,
591,@Ryder-k1r,
592,@Ollieblue999,
593,@Yo213-r5w,
594,@wabbysnabYT,
595,@TETORIZE,
596,@Sports-5w,
597,@terevaldez6317,
598,@JJ20134,
599,@gamesarelegends3473,DE__
600,@juanaponte1339,
601,@boiii7400,GM_18-24_male
602,@gslmoo9986,
603,@joseelmarijuano8794,
604,@marcuselvard5922,
605,@Sou1defiler,
606,@AloiseJord,
607,@FunnyFlix-astro,
608,@Anyichie,NG__
609,@AdamAlva,
610,@afshanrani5498,
611,@G4Master96,KH__
612,@tamimsalib1544,
613,@vanshpilania7777,
614,@Incognitomodeon10,
615,@LesBattersby1504,
616,@simonbundee8588,
617,@hk-gaming1653,ID_18-24_male
618,@Joseftompkins,
619,@MollaAyele,
620,@ninjachannel007,
621,@Avara_Masiha,TR_65-_male
622,@molimauiaulualo,
623,@williamguimond176,
624,@johnszczerba9979,
625,@diyoptics1387,
626,@GET2222,ET_25-34_male
627,@JavierHenriquez-f7j,
628,@royhay5741,
629,@avinashsharma4114,
630,@AritraChatterjee980,
631,@mu86neer,PK_25-34_male
632,@MuhammedRayan-g1o,
633,@hamisulaye3053,
634,@cronus1822,RS_25-34_male
635,@MinisottaQueenslander,
636,@FranekCyganek25,
637,@NarugoatEditz,
638,@Rash7editz,
639,@b1zvrr3,
640,@someoneFromMars-l7k,
641,@Lucas-672,BR_25-34_male
642,@Qxinlayy,
643,@avonleakrueger8317,
644,@FKR35,
645,@jeverinreinzo5365,
646,@eyglojohannesdottir5256,
647,@VulcanM61,
648,@MiguelVargas-iq8sj,
649,@Baynaynay,
650,@DizzyMakavelli,
651,@rohitwani6082,
652,@m1ru123,IN_25-34_female
653,@TheHonoredBacon,
654,@sonofnumenor6683,
655,@KingNegus-b5m,
656,@lgwise9537,
657,@duznygeyafock,
658,@footballspotlightneymar,
659,@Jomichael-h1r,
660,@Al_Sight,
661,@inbainbazhagan134,
662,@Negan121,UZ_25-34_male
663,@christopherflynn8603,
664,@RTPJu,
665,@shinzyReal,
666,@HalfMoonshine,
667,@Uzumaki_naruto452,ID_25-34_male
668,@ReticentXS,
669,@Ronaldooneupdates,
670,@amrinwajih6763,
671,@global.citizens,NG_35-44_male
672,@YAndy529,CU_25-34_male
673,@mutuajoseph3853,
674,@Kingmakerrr1337,
675,@AidoMappepe,
676,@dcgaming6939,
677,@Oluffy313,
678,@MM3HD,
679,@WE_LUV_WYNTER.2,US_25-34_male
680,@incognitobrown7782,
681,@Rohittiwari14,
682,@Jhonmaster3130,
683,@heyitsgabriel6965,
684,@darthdart3360,
685,@danielk.w8626,PL_35-44_male
686,@nooben-g4t,
687,@ValkyrieXI2,
688,@__Rey03__,PH_25-34_male
689,@dorafan2260,
690,@erikramirez2182,
691,@Sean-om7qf,
692,@AProfilename,
693,@symoreprimus2303,
694,@ImitazAhmad-h3x,
695,@ScottLayden-s4f,
696,@DieselBullet666,
697,@richlo8887,LR__
698,@DavidTheri-m8r,
699,@Prodiga1Son,
700,@roopakvaidya1450,
701,@jigyashu8774,IN__
702,@rajenderupadhyay1920,
703,@umeobipeter8647,
704,@مأرب-العزوالشموخ,
705,@Salazar777,MX_25-34_female
706,@GoolagThemTube,
707,@herarena6868,
708,@rtsaibr,
709,@thebeezknees,
710,@raygrange7312,
711,@plica06,LV__
712,@budiman5790,ID_25-34_male
713,@Enigmaprince,
714,@mieczyslawherba2723,
715,@Katzi14,DE_45-54_female
716,@Pushbike1894,
717,@AnkitRaj-lk6dq,
718,@derDepp,
719,@LeonardoAndrade-yu6vm,
720,@Peter_Peter_Curry_Eater,US_55-64_male
721,@theox9015,CH__
722,@winslow137,US_25-34_male
723,@canebro1,
724,@willbee6785,US__
725,@willbee6785,US__
726,@safaaalsaadi4560,
727,@Isz2134,HU_35-44_male
728,@colinmccarthy7921,
729,@GreenbusRedbus,
730,@phil1898,GB_45-54_male
731,@mariofreire2610,
732,@Smus7670,TH_45-54_male
733,@regino-paisdeovejas,
734,@Phenn5589,PK__
735,@navvet4518,
736,@SamBaxter-i8p,
737,@Thrudvangar,
738,@jackjack7746,SY_25-34_male
739,,
740,@stevefromsussex5673,
741,@colourgrouppainting4281,
742,@ylsdiamonkif2354,
743,@smitty9733,US_45-54_male
744,@GSS-Predator,
745,@aaron1976leeds,
746,@MarvelParsons700,
747,@javierperez3437,MX__
748,@erickdermawansouyb8303,
749,@AgboadoRaboni,
750,@berrievnwml,
751,@ateoniusz7644,
752,@te1ephraq,
753,@davequinn2369,
754,@two-toneblue4872,
755,@srgmiller340,
756,@hitmanhunter2785,
757,@JJONNYREPP,
758,@HonkyReduction-b2g,
759,@ChillBoy2K25,
760,@animusadvertere3371,
761,@weekndstarboy6048,
762,@John-gx2ry,
763,@davidsmith6355,IN_45-54_male
764,@Emper0rH0rde,
765,@dannyblack7798,
766,@mikcurius3779,
767,@BazzyPredPop,
768,@piczasso,
769,@boris8787,RU_55-64_male
770,@Pillar.100,BW_35-44_male
771,@ScratchyBaws,
772,@oscarmoreno7774,
773,@Getreal2025,CN__
774,@Smuja,IN__
775,@9livesLexaPrianik,
776,@electricink3908,
777,@lmfaol.o.l4403,
778,@andrewsmith-cm9qw,
779,@mossfordgreen8725,
780,@Unique_Monk,US_25-34_female
781,@1999TrebleWasthebestTreble,
782,@paulmchugh5646,
783,@surajchand3485,
784,@crimatou364,
785,@alexsmith64890,PE_55-64_male
786,@gagfails4985,
787,@gagfails4985,
788,@gagfails4985,
789,@pojuellavid,
790,@matduyeh9958,
791,@nobbytart27,
792,@FSLandscaping,
793,@AV-sl5wv,
794,@stevenglock,
795,@stevenglock,
796,@RyanSchroeder-op9qy,
797,@physika,
798,@michalkant,
799,@r.m.b5636,
800,@kalkedonyaf.k1160,
801,@ohgoaway3610,
802,@dannyplatt6161,
803,@francescobarluzzi5791,
804,@Lucas_Tulic,UY_25-34_male
805,@ravendarkrecordings2796,
806,@Alessandro-B,
807,@MartinBaker-zn6fi,
808,@bulldrumm,
809,@darhaha3391,
810,@evansaleeby5186,
811,@ingesoft2009,
812,@GShopen72,
813,@valberlin9239,
814,@bkatbamna,
815,@davidenos9461,
816,@Tec-c1g,
817,@jrlaudio,
818,@damirhlobik6488,
819,@grzegorzbrzeczyszczykiewic9906,
820,@SinsGamingChannel,
821,@Swanny77-o8y,
822,@UlugbekArziqulov-rl1rc,
823,@user-01ab23cd,
824,@user-01ab23cd,
825,@colinhickman4071,
826,@EmilioBaldi,
827,@craighanson-rc1md,
828,@frankie1615,US_35-44_male
829,@seanpenfold4374,
830,@tarquin4592,SN_65-_male
831,@zohebkarim2020,
832,@saidalouache,
833,@edhanson8214,
834,@robertoseveno,
835,@pgsells,
836,@scsperber,
837,@angusaddison3926,
838,@malp78,BW_25-34_
839,@ElektricSpectre,
840,@colinmccarthy7921,
841,@vaterlandgr7553,
842,@FreeUK2025,GB__
843,@anglosaxon5874,
844,@C-D14,
845,@Thereishope664,
846,@NormaThompson-l4c,
847,@Joe-s8p2e,
848,@chesterjackson666,
849,@YouDoNotKnowMe99,PH__
850,@whothefukcares,
851,@rb5174,IN_25-34_male
852,@1imanol,ES_45-54_male
853,@jasonscorner8747,
854,@paulbrinsley,
855,@eeamasg5729,
856,@dumatapocalipsis8800,
857,@Bristow414,GB_35-44_female
858,@paulgreen758,
859,@PZantanKilla,
860,@zotinkhuma1286,
861,@johnnywang8452,
862,@jozseffehervari2699,
863,@Mr.BillyJoeMcAllister,
864,@BananinhaTetaMurcha,
865,@ahmedelbas8249,
866,@nikolozka1,
867,@Rocket5150,GP_35-44_male
868,@banyakakal4299,
869,@nazriarios4503,
870,@cypruskev,
871,@user_FFOT,CN__
872,@arlysion,
873,@ArArcas1010Ca,
874,@orwellboy1958,
875,@alankelsey949,
876,@mojay-mz9ip,
877,@venturavip,
878,@mrmalinga3957,
879,@d4slaimless,
880,@mulle27,DK_25-34_female
881,@irisk5-m182,US__
882,@Waylander173,FI_55-64_
883,@Waylander173,FI_55-64_
884,@Sainaba2204,IN__
885,@mattmattmatt131313,
886,@murtazagenius1961,
887,@billwindsor4224,
888,@hugopaul5722,
889,@marcintomczyk888,
890,@mikehawk9156,US__
891,@nurroqismubarok7902,
892,@trevorhoward7682,
893,@matrixlander85,
894,@jonetcell5615,
895,@pegazuseloy1575,
896,@lloydowen1977,
897,@sunhwang4128,
898,@Olga-u8p,
899,@achantus1,
900,@Prima-hl5ec,
901,@sanjaruldashov9050,
902,@Fevzi_Arslan,TR_25-34_male
903,@GhasemHosseini-h6y,
904,@jaimegesser2637,
905,@AgusAditya-d1d,
906,@AndreSemedo-f8g,
907,@ЖеняАхаххаха,
908,@azzedinesadat6360,
909,@paruliantampubolon7861,
910,@LuísAlbertoRaposoMachado-z2z,
911,@FxWardoyo,
912,@Luigi-pm6ew,
913,@BrosValenciano,
914,@margiantotjokroaminoto-we3rg,
915,@paulomendoncasouza7981,
916,@bahariabbas1356,
917,@대포-q2w,
918,@josecarlosdesajunior7466,
919,@ShahirHamid-y2j,
920,@JuakinSantana,
921,@LicoJao,
922,@Wlladimir-ne9gw,
923,@AishatuUsmanMuhammad-o4p,
924,@amidibo9982,
925,@warleysantos4280,
926,@Amdani-fz9yt,
927,@DanielVillagra-h6t,
928,@gomajeebabooram784,
929,@edgarcotzojay833,
930,@BerthaWoodtli-vi1it,
931,@jean-paulraveane5327,
932,@mohammedomar8564,
933,@hunterantik9000,
934,@RamlanKurniadi,
935,@komolghosh4804,
936,@JeanLago-j7g,
937,@VladimerMorgoshia,
938,@MoussaKonate-nu2hc,
939,@mrudi7512,
940,@Jaroslav-hs2gg,
941,@JesusMiguelGuijarroAnaya-zx9vv,
942,@angelofernandes2443,
943,@VictorinoJoseDíazGonzález,
944,@AdamSar-g5n,
945,@MārtiņšKrūmiņš-n9l,
946,@syedzaakerhussain987,
947,@JosemanuelGutierrez-k5m,
948,@marcosandrade2076,
949,@eftekharahmed3792,
950,@WaldemirBatistaVeras,
951,@markussalutan1283,
952,@หนุ่มขอนแก่นประกันสังคม,TH_25-34_female
953,@mohamedmahri406,
954,@ChristRaphaëlAkpa,
955,@FallAssane-re5qp,
956,@Mbul64-i3p,
957,@HerionaldoAndradesaraiva,
958,@DieusseulAbraham,
959,@engineermohammadalikazemi1586,
960,@nasraltepe622,
961,@teviborislawson7018,
962,@AzharDavidi,
963,@RamaoIsauraldez,
964,@sandakissidlamanzi6798,
965,@mochamadagung5795,
966,@rahuldhayber32,
967,@sanjibsarkar8891,
968,@AsrulTerbaik,
969,@fredyapouw8724,
970,@kinchuenwong4560,
971,@kinchuenwong4560,
972,@efriadirundung9275,
973,@Jurwadi-r3c5k,
974,@erwinkitolah2752,
975,@MedetRyskulov-v8o,
976,@FabioGuedes-q4p,
977,@yusufwaluyowaluyo1212,
978,@iancu19adrian,
979,@Jose-y6o4y,
980,@Арман-ж4з4э,
981,@rajinasmv8616,
982,@ZallEk,
983,@GeorgeAbraham-d4m,
984,@valipetruchiran4111,
985,@paulocruzrocha2290,
986,@خليفةبنعيسى-ك5ك,
987,@alfredrakoczy2415,
988,@SilvestroLiori,
989,@RafaelGarcia-fw1ju,
990,@DanielConteh-h9m,
991,@NguyenNguyen-u8s,
992,@Jjj-w8d,
993,@KerodHayluHaylu,
994,@pitambartudu9420,
995,@acuarjun7198,
996,@AhmadFauzi-qc9sm,
997,@SanjayPegu-l4o,
998,@Layaung-l2o,
999,@FerdinandMarcos-x8j,
1000,@Laurentiu-nf2hl,
1001,@vladimirmashnev1032,
1002,@FyejAhmad,
1003,@al_mamun_93,BD_25-34_male
1004,@NonatoCosta-l3f,
1005,@JuanEspinoza-i5i,
1006,@UviriuMainescu,
1007,@pramtono8979,
1008,@ALESSANDRADEDESOUZABAÍA,
1009,@frankfiolet9602,
1010,@Ka1nitnowN,
1011,@aguinaldofrontzek2795,
1012,@rashidsadykov7932,
1013,@AntonioFreitas-s7v,
1014,@KanatZhalgas,
1015,@JuanLargaespada-i3g,
1016,@ariellionel6220,
1017,@EdevalGeremiaslemes-d8n,
1018,@yuriykaratsyuba6476,
1019,@SuklalKisku-q3r,
1020,@RajuThomson,
1021,@thitsar3164,MM_18-24_female
1022,@RobsomNunes-t3x,
1023,@marceloxavier5587,
1024,@pintudas4133,
1025,@ГеннадийГук-о6с,
1026,@YatiRahmawati-zw4cr,
1027,@ИгорьТрушков-т6б,
1028,@nurmuxamadturgunbaev1156,
1029,@VagramJamalian,
1030,@haifaferrah9372,
1031,@haifaferrah9372,
1032,@mansouresmaili5115,
1033,@AkashKishan-wx6uu,
1034,@FYIYI,
1035,@ArpanMasih-tu4dn,
1036,@IsrarAhmed-o6p,
1037,@manojsenglish,
1038,@patrickmarin8754,
1039,@Рамазан-с1ь,
1040,@jolettebarreto1303,
1041,@LalfakzualaLalfakzual-n6e1v,
1042,@elnurzeynalov8298,
1043,@AfrathemIngha,
1044,@WidiHarianto,
1045,@hamensharma4790,
1046,@basavrajsetsandi-xb2ni,
1047,@miguelespinoza4604,
1048,@HscaVava,
1049,@BuddharaiRai-q7w,
1050,@bakermohsen8682,
1051,@ЮрийСальников-м9я,
1052,@Wandykheo-wd3ip9vx1d,
1053,@adoelsi9270,
1054,@DamianAndres-c3b,
1055,@LuisGalvez-hv7sk,
1056,@MyusufSupriadi,
1057,@PiahSopiah-k6l,
1058,@RuhiyatIjang,
1059,@fuadbamasaq8133,
1060,@RedouaneBouhlani,
1061,@PauloMarco-w8w,
1062,@josemariagutierrez8281,
1063,@wilfredoRuiz10,
1064,@stefanmeyle9695,
1065,@MdShalaUddin2005,
1066,@samuelenriquebuenoorellana8601,
1067,@HasanGhasemi-d2h,
1068,@Bintangvb2j,
1069,@صبحيابوخالد-ر1ر,
1070,@BapakSwadi,
1071,@ГулГул-ь8о,
1072,@ChaalaAoued,
1073,@ThinThin-l2s,
1074,@EvelynCornejo-t8g,
1075,@vanhoang8718,VN_18-24_female
1076,@WijaYa-r4e,
1077,@samyadam7911,
1078,@RajKumar-gl3st,
1079,@midhadhumic4055,
1080,@مغامراتالنقل,
1081,@KhingMg-r6c,
1082,@UZin-h6t1q,
1083,@ЛуизаМальсагова-и1г,
1084,@IamYourBestFriendForever,
1085,@GggHdhhd-v8s,
1086,@وانمسوانمس,
1087,@PrakashKj-d3w,
1088,@UmarHadi-mi8ku,
1089,@SopyanSyah-f3y,
1090,@sobariaja5775,
1091,@vincentiusferdyanto5808,
1092,@IslamAbdullaev-p6l,
1093,@vijayshinde2884,
1094,@haniibrahim,
1095,@RoyRobert-q7i,
1096,@JoniMartiyus,
1097,@Иван-е8з2т,ES_35-44_male
1098,@ДастанРахимов-ш7т,
1099,@RidaMayanti-b8f,
